month,known,err_pct
2023-05,0,-15.690934265191103
2023-05,1,-21.758245464923686
2023-05,2,-25.39914726983088
2023-05,3,-28.937961113596124
2023-05,4,-29.923254329483818
2023-05,5,-30.916726016792563
2023-05,6,-30.408382273216983
2023-05,7,-28.727187042735693
2023-05,8,-22.07668185095011
2023-05,9,-15.989930316178015
2023-05,10,-8.27810297510434
2023-05,11,-3.8955623292876718
2023-05,12,0.6579676645868338
2023-05,13,2.448989796820178
2023-05,14,2.3651649958720045
2023-05,15,1.4040967294282947
2023-05,16,-0.09603494354791797
2023-05,17,-0.49286466646238924
2023-05,18,2.0926689038975876
2023-05,19,4.043183644712922
2023-05,20,6.875240582545716
2023-05,21,7.567084590849538
2023-05,22,8.225478268061526
2023-05,23,7.940715074287974
2023-05,24,6.893333505819732
2023-05,25,3.4096589193748583
2023-05,26,0.7636026658255357
2023-05,27,-1.9983482430308008
2023-05,28,-2.870049186943102
2023-05,29,-1.9808023096345218
2023-05,30,-1.1201247063363562
2023-06,0,-18.9762035734933
2023-06,1,-10.120410018992521
2023-06,2,-4.1651517607983575
2023-06,3,2.5657251400518666
2023-06,4,6.613191583998179
2023-06,5,6.842058052266786
2023-06,6,9.207298124496033
2023-06,7,10.578539775203154
2023-06,8,11.138637689871246
2023-06,9,12.821710039439683
2023-06,10,14.425906374703246
2023-06,11,13.133049530980646
2023-06,12,12.686342980569364
2023-06,13,10.86119725722674
2023-06,14,9.50218751354248
2023-06,15,7.8923887449874774
2023-06,16,7.542646767810002
2023-06,17,8.43530210844905
2023-06,18,8.596437791514644
2023-06,19,8.859993494115347
2023-06,20,8.687244082229695
2023-06,21,9.159332983328628
2023-06,22,9.421397125954023
2023-06,23,8.215902081993942
2023-06,24,7.414096572893514
2023-06,25,5.989440702163762
2023-06,26,3.744117617669729
2023-06,27,2.1506518841833078
2023-06,28,1.1573083102451864
2023-06,29,0.07699477266909227
2023-07,0,-16.934529578322287
2023-07,1,-24.188884184593984
2023-07,2,-28.143165205546474
2023-07,3,-22.839587170810162
2023-07,4,-17.327926130131278
2023-07,5,-12.371543737304203
2023-07,6,-5.649222943233623
2023-07,7,-4.866728773370843
2023-07,8,-5.299922831957904
2023-07,9,-6.953388761906842
2023-07,10,-9.067652053209363
2023-07,11,-7.648634493282424
2023-07,12,-7.787126445128623
2023-07,13,-6.356133972957256
2023-07,14,-2.5964369489166805
2023-07,15,1.833671216132715
2023-07,16,5.660965091959191
2023-07,17,7.703280752434005
2023-07,18,7.021384711802958
2023-07,19,6.16097815561043
2023-07,20,5.389424533354714
2023-07,21,5.157198495921178
2023-07,22,4.955474851372332
2023-07,23,3.7027909498433598
2023-07,24,3.251758063772403
2023-07,25,3.222467340749424
2023-07,26,3.672093928692699
2023-07,27,3.270525102327615
2023-07,28,1.9927532977926932
2023-07,29,0.8673125734359077
2023-07,30,-0.18851580781789057
2023-08,0,-38.188844328967086
2023-08,1,-36.793538370779665
2023-08,2,-39.8973301562667
2023-08,3,-42.30766953193036
2023-08,4,-41.662170589554606
2023-08,5,-39.87903622701594
2023-08,6,-39.598212371937834
2023-08,7,-38.490680561895694
2023-08,8,-38.14822711118261
2023-08,9,-32.88495027173859
2023-08,10,-25.95955578387438
2023-08,11,-18.912410093603093
2023-08,12,-13.642243585282133
2023-08,13,-10.984042711313002
2023-08,14,-9.519486712878745
2023-08,15,-9.876494784847056
2023-08,16,-8.015142413833908
2023-08,17,-5.95935699868847
2023-08,18,-4.376933152058871
2023-08,19,-2.7925897768203756
2023-08,20,-2.316001194463957
2023-08,21,-0.9684573817787756
2023-08,22,1.9385793833158527
2023-08,23,2.2302608373282684
2023-08,24,1.5557255743751108
2023-08,25,1.1420115038512035
2023-08,26,0.6635858274868456
2023-08,27,-0.299893804158069
2023-08,28,-0.3384309626134785
2023-08,29,-0.6297302234774427
2023-08,30,-0.30975249448290665
2023-09,0,32.16884904617967
2023-09,1,35.33532065565703
2023-09,2,39.55450962190585
2023-09,3,49.224202064070525
2023-09,4,54.66789343767471
2023-09,5,56.77632870459335
2023-09,6,53.687399950521495
2023-09,7,45.89483283640574
2023-09,8,37.66340121240359
2023-09,9,29.831393731954712
2023-09,10,19.162572638163724
2023-09,11,10.959066981010146
2023-09,12,4.450174352418079
2023-09,13,1.4092240901444342
2023-09,14,1.9871258372117007
2023-09,15,5.8794980845908285
2023-09,16,7.817953066944616
2023-09,17,6.410715049682714
2023-09,18,3.85463097812504
2023-09,19,1.7275705734837388
2023-09,20,-0.34922603446928546
2023-09,21,0.25663960037658473
2023-09,22,-0.5523192547739364
2023-09,23,-2.1309093757550968
2023-09,24,-1.9902641461607584
2023-09,25,-1.3477122931855878
2023-09,26,-1.9717546408852926
2023-09,27,-1.3801586384074582
2023-09,28,-2.063881222833297
2023-09,29,-0.6171073448663855
2023-10,0,-16.761865833237298
2023-10,1,-19.457275612447933
2023-10,2,-24.14842984873665
2023-10,3,-25.207609290702738
2023-10,4,-28.46709819970118
2023-10,5,-22.900647542630047
2023-10,6,-18.62911932142548
2023-10,7,-12.286424656214113
2023-10,8,-4.3831682603233
2023-10,9,4.191682660052587
2023-10,10,13.016897490648827
2023-10,11,21.622519895050196
2023-10,12,26.9166840186015
2023-10,13,29.857072199083447
2023-10,14,30.396492721444645
2023-10,15,28.22097984590719
2023-10,16,27.421425516105003
2023-10,17,26.57777213120731
2023-10,18,23.346423528586158
2023-10,19,19.917411214374404
2023-10,20,17.514576245119983
2023-10,21,14.251340809246994
2023-10,22,11.092364377434683
2023-10,23,7.307875148071186
2023-10,24,3.9133737009419134
2023-10,25,2.268415889312325
2023-10,26,1.3421404265800296
2023-10,27,0.5365989492143619
2023-10,28,0.38647461506744474
2023-10,29,0.051566986944395765
2023-10,30,-0.023290955412114123
2023-11,0,14.404549139355293
2023-11,1,15.761109091107105
2023-11,2,16.490675460354854
2023-11,3,15.790966562265396
2023-11,4,16.62503894467944
2023-11,5,17.22476510832738
2023-11,6,17.60384273867084
2023-11,7,16.17763536845569
2023-11,8,13.989932051724118
2023-11,9,12.225584983462511
2023-11,10,10.890007151160441
2023-11,11,7.900918199317086
2023-11,12,4.91582633225367
2023-11,13,0.7121261448902683
2023-11,14,-2.0648530103255958
2023-11,15,-3.7568032723677147
2023-11,16,-5.196538185886535
2023-11,17,-5.917576777216327
2023-11,18,-5.21418933917065
2023-11,19,-4.7215636011712085
2023-11,20,-2.216015097935864
2023-11,21,-0.8421376099779554
2023-11,22,0.16637176914151564
2023-11,23,1.2952304254692848
2023-11,24,2.3666153763428177
2023-11,25,2.324044481079035
2023-11,26,1.5571675181970113
2023-11,27,0.8334877305067989
2023-11,28,0.3093788112998652
2023-11,29,0.1350888428811814
2023-12,0,-16.6880421402986
2023-12,1,-19.17506140285302
2023-12,2,-20.00779681913779
2023-12,3,-20.75780900961689
2023-12,4,-21.64409521377959
2023-12,5,-21.985859839807297
2023-12,6,-23.347317448425862
2023-12,7,-22.557581647731983
2023-12,8,-21.34128113853494
2023-12,9,-21.640279704598953
2023-12,10,-21.929278023739627
2023-12,11,-20.105934566139304
2023-12,12,-17.63478581310477
2023-12,13,-13.767487269302725
2023-12,14,-10.898201625313353
2023-12,15,-9.018533056146671
2023-12,16,-6.577540710726804
2023-12,17,-6.719896063106823
2023-12,18,-7.212506594441881
2023-12,19,-7.1462073760959255
2023-12,20,-7.220232369315893
2023-12,21,-6.713860774459546
2023-12,22,-5.221428855061616
2023-12,23,-3.6529137476639884
2023-12,24,-3.6962500801124842
2023-12,25,-3.438143232622004
2023-12,26,-2.123015618436286
2023-12,27,-0.9097405832065419
2023-12,28,-0.1769042042507829
2023-12,29,0.058253170603284055
2023-12,30,0.32575302823603103
2024-01,0,-3.707059463608864
2024-01,1,-3.1706887817456897
2024-01,2,-3.8825236151888043
2024-01,3,-6.3488706021194385
2024-01,4,-7.028609254765117
2024-01,5,-6.827986038116096
2024-01,6,-6.897887396688674
2024-01,7,-7.01673218800244
2024-01,8,-5.833293777287729
2024-01,9,-6.677418821502846
2024-01,10,-5.881083452605873
2024-01,11,-6.686757401824217
2024-01,12,-7.625125433998181
2024-01,13,-8.356929275628499
2024-01,14,-9.937434029343484
2024-01,15,-9.56773049844346
2024-01,16,-8.250234830463599
2024-01,17,-7.59735066181989
2024-01,18,-6.141571616054653
2024-01,19,-4.558352277815059
2024-01,20,-2.965862852668222
2024-01,21,-1.8805672910375715
2024-01,22,-0.9691162513887575
2024-01,23,-0.4805698392499447
2024-01,24,0.2810643183456252
2024-01,25,0.7076008524814492
2024-01,26,0.27913856978336593
2024-01,27,0.3408026199547276
2024-01,28,-0.01660757667067969
2024-01,29,-0.08167230569169348
2024-01,30,0.0014561160755599545
2024-02,0,27.123419582497178
2024-02,1,26.66352814015842
2024-02,2,25.86125662633396
2024-02,3,24.738419516750533
2024-02,4,20.49724417622498
2024-02,5,18.326171209665887
2024-02,6,15.317857935647105
2024-02,7,13.69605133918137
2024-02,8,12.118044585998433
2024-02,9,12.641134797918884
2024-02,10,11.977342716889838
2024-02,11,10.81461747092951
2024-02,12,11.72152258942656
2024-02,13,12.681493202401661
2024-02,14,12.11954286254322
2024-02,15,10.58226710248238
2024-02,16,8.791560129734922
2024-02,17,6.457352788591653
2024-02,18,5.589423878549171
2024-02,19,2.9964722439518754
2024-02,20,0.538166767050896
2024-02,21,-1.0233513472805322
2024-02,22,-1.8344032252717746
2024-02,23,-1.0775308756131752
2024-02,24,0.07403150038600703
2024-02,25,-0.335487976086124
2024-02,26,0.23567211302213398
2024-02,27,-0.10377053677343984
2024-02,28,-0.3141414937780973
2024-03,0,15.397075227744295
2024-03,1,13.750608117297002
2024-03,2,8.052273011974487
2024-03,3,5.723362442512392
2024-03,4,1.0225694282318898
2024-03,5,-0.6585379495460009
2024-03,6,-2.9316693500963886
2024-03,7,-7.471816744531301
2024-03,8,-8.639773385600835
2024-03,9,-6.1091477351505885
2024-03,10,-6.054219957390716
2024-03,11,-5.204541674511775
2024-03,12,-5.076707134492342
2024-03,13,-3.613604673581905
2024-03,14,0.37331113126881643
2024-03,15,2.0982497067291606
2024-03,16,3.7712901665687415
2024-03,17,4.546647693109174
2024-03,18,4.587654697969623
2024-03,19,4.84831552337297
2024-03,20,4.374565694810095
2024-03,21,2.615776343162457
2024-03,22,1.190087043739485
2024-03,23,0.017662890847214285
2024-03,24,-0.7571750142232103
2024-03,25,-2.1897567259244965
2024-03,26,-2.968489165417154
2024-03,27,-3.159538831076325
2024-03,28,-2.798660301868572
2024-03,29,-1.5446313787023436
2024-03,30,-0.15618159868764359
2024-04,0,-21.63813126954227
2024-04,1,-14.625419432878106
2024-04,2,-10.696658149180472
2024-04,3,-8.863303090718855
2024-04,4,-5.005491977542665
2024-04,5,-1.5931394461804915
2024-04,6,2.809086417606599
2024-04,7,4.052541086794359
2024-04,8,3.0923297789079207
2024-04,9,1.9278358999423872
2024-04,10,2.8438227193958054
2024-04,11,-0.14014273466331773
2024-04,12,-2.6428238828963613
2024-04,13,-7.536508499428384
2024-04,14,-10.443058831043917
2024-04,15,-12.591387601196002
2024-04,16,-12.442845874496422
2024-04,17,-11.80641068237559
2024-04,18,-7.5800695633037485
2024-04,19,-5.6986379127764275
2024-04,20,-3.5041856640420366
2024-04,21,-2.9082629230525736
2024-04,22,-1.9057835295986814
2024-04,23,-1.368109576387233
2024-04,24,-1.4307115485989064
2024-04,25,-2.766470026645096
2024-04,26,-3.119648452076651
2024-04,27,-2.256897506994615
2024-04,28,-1.5080286688521016
2024-04,29,-0.7453971332953668
2024-05,0,9.289894348079542
2024-05,1,10.49129320845621
2024-05,2,12.945409974903765
2024-05,3,14.310553968296968
2024-05,4,13.113280762697354
2024-05,5,10.82649912786997
2024-05,6,10.204357255409114
2024-05,7,7.847151137095842
2024-05,8,6.650058228866507
2024-05,9,3.393257561526797
2024-05,10,1.198071650592314
2024-05,11,-1.2934612006297308
2024-05,12,-5.38746535295237
2024-05,13,-8.218751845410832
2024-05,14,-8.939249000597005
2024-05,15,-8.526445212739397
2024-05,16,-6.124205224312629
2024-05,17,-3.6938743148217323
2024-05,18,-2.391907311514352
2024-05,19,-1.0829191825701523
2024-05,20,-0.068956270368703
2024-05,21,0.5695267399306037
2024-05,22,0.5012687357049961
2024-05,23,1.0305572450914458
2024-05,24,1.5348805798722553
2024-05,25,2.549127021260733
2024-05,26,1.5200070916400632
2024-05,27,1.4293894841377774
2024-05,28,0.44620514153199675
2024-05,29,-0.1064131007478264
2024-05,30,-0.47443552434307534
2024-06,0,-3.811221193381187
2024-06,1,-4.187643165963795
2024-06,2,-3.834345347177903
2024-06,3,-3.9712082140481164
2024-06,4,0.41943157445958335
2024-06,5,4.406896762211421
2024-06,6,6.468939947082819
2024-06,7,4.495722009934444
2024-06,8,0.6483884654963523
2024-06,9,-2.7602343457938883
2024-06,10,-4.077087465245343
2024-06,11,-6.770226719925643
2024-06,12,-8.748711489854898
2024-06,13,-9.252453616268784
2024-06,14,-9.364653878938045
2024-06,15,-8.477714737070773
2024-06,16,-5.772669022431154
2024-06,17,-3.1074261528931557
2024-06,18,-0.48675997234176593
2024-06,19,1.695370756616632
2024-06,20,3.803085306574139
2024-06,21,3.943949524752921
2024-06,22,3.925118539483452
2024-06,23,3.0708455869764784
2024-06,24,2.882257802897459
2024-06,25,3.1566777412118663
2024-06,26,2.6576164575949246
2024-06,27,2.7704606384937103
2024-06,28,2.1758586916210687
2024-06,29,1.0527540688929138
2024-07,0,7.753372504366363
2024-07,1,1.7893286338803938
2024-07,2,-5.668511586738989
2024-07,3,-9.859497393767002
2024-07,4,-14.918284542096838
2024-07,5,-16.556653804092935
2024-07,6,-14.490678587085181
2024-07,7,-16.983547383428256
2024-07,8,-17.04622304952501
2024-07,9,-15.067327992302548
2024-07,10,-12.546585524040033
2024-07,11,-8.181692706950539
2024-07,12,-5.066296469871945
2024-07,13,-4.766404724338935
2024-07,14,-4.052928427306868
2024-07,15,-2.3642432542504754
2024-07,16,-0.7700214226964652
2024-07,17,-0.6074051016199067
2024-07,18,0.5759883280364031
2024-07,19,1.759396197619667
2024-07,20,2.5201553256645193
2024-07,21,2.583208886525057
2024-07,22,2.007810421986811
2024-07,23,1.2557939226032433
2024-07,24,1.3370176667551137
2024-07,25,-0.14118974602551626
2024-07,26,-1.0039695149673955
2024-07,27,-1.7727258939649881
2024-07,28,-2.1240116501123896
2024-07,29,-1.8629430847106998
2024-07,30,-1.150100007863486
2024-08,0,19.95184040059792
2024-08,1,27.796136821056727
2024-08,2,27.516967973639517
2024-08,3,27.983002568753946
2024-08,4,21.72098844378596
2024-08,5,19.080343967567124
2024-08,6,15.581272338519248
2024-08,7,11.18464730185642
2024-08,8,5.484125188726829
2024-08,9,2.9580245479869927
2024-08,10,1.4929740140999348
2024-08,11,1.714942044725909
2024-08,12,2.110425841514285
2024-08,13,3.27020300048555
2024-08,14,5.484878160908013
2024-08,15,6.488205670782521
2024-08,16,10.077825463981082
2024-08,17,12.302697347232904
2024-08,18,12.647813386258777
2024-08,19,12.40369724670769
2024-08,20,11.772636327580809
2024-08,21,9.161856755737151
2024-08,22,8.291250373822967
2024-08,23,6.728714259250723
2024-08,24,5.1906762921304805
2024-08,25,3.173770890119032
2024-08,26,1.1717573346860632
2024-08,27,-0.8647406378536893
2024-08,28,-0.9069820406115259
2024-08,29,-1.3398561135409381
2024-08,30,-0.6602328042006222
2024-09,0,-26.41400497080738
2024-09,1,-24.835722701178664
2024-09,2,-19.38387062321819
2024-09,3,-14.763600328596727
2024-09,4,-11.86070255844619
2024-09,5,-9.347513810782138
2024-09,6,-11.490277855163688
2024-09,7,-13.823130407002193
2024-09,8,-14.640901107193915
2024-09,9,-16.965366323176568
2024-09,10,-19.478892717127938
2024-09,11,-20.909356688775617
2024-09,12,-20.686299666204654
2024-09,13,-21.89858528395504
2024-09,14,-21.63448262597575
2024-09,15,-23.056404075777493
2024-09,16,-22.0432040227039
2024-09,17,-21.66573965465599
2024-09,18,-17.892585434273666
2024-09,19,-14.056493424873684
2024-09,20,-9.015242670817003
2024-09,21,-4.6894018873687715
2024-09,22,-3.5373072493647295
2024-09,23,-1.6008201374937858
2024-09,24,0.9820378154649978
2024-09,25,2.434590136077408
2024-09,26,2.3106795382510814
2024-09,27,1.3195794648400705
2024-09,28,0.9443020801272795
2024-09,29,-0.09434652228255125
2024-10,0,30.736463455714013
2024-10,1,29.10811909589448
2024-10,2,25.543044118892013
2024-10,3,26.339511959949814
2024-10,4,28.406652333398053
2024-10,5,27.823181512753713
2024-10,6,26.524567169356096
2024-10,7,26.70906392174257
2024-10,8,27.125546070259077
2024-10,9,29.299694353734694
2024-10,10,30.331293527178047
2024-10,11,25.426455156589235
2024-10,12,19.877193031819317
2024-10,13,16.320438930320115
2024-10,14,11.104269623101072
2024-10,15,6.802723274375899
2024-10,16,2.925186566129856
2024-10,17,0.23651731127845022
2024-10,18,0.441721427875974
2024-10,19,1.6917264808293808
2024-10,20,1.858816356298587
2024-10,21,2.4374562508646225
2024-10,22,2.6614177846318476
2024-10,23,2.496301017266811
2024-10,24,1.7557429109664735
2024-10,25,0.8996916893075468
2024-10,26,0.6384146913959832
2024-10,27,-0.11951971892788515
2024-10,28,-0.31582936150118535
2024-10,29,-0.1744981765028797
2024-10,30,0.3342987247618501
2024-11,0,-4.945117368338625
2024-11,1,-7.374698459721762
2024-11,2,-11.841533752627175
2024-11,3,-13.740620182996
2024-11,4,-11.850092614954333
2024-11,5,-9.612774214974474
2024-11,6,-10.409316615801501
2024-11,7,-8.01783219852652
2024-11,8,-5.456254794425219
2024-11,9,-2.4944556267369022
2024-11,10,-2.0494828437085943
2024-11,11,-0.568644641681948
2024-11,12,-0.5007539900001468
2024-11,13,0.036586229923463165
2024-11,14,0.4976847572715881
2024-11,15,0.9688368572615014
2024-11,16,0.4652461620939574
2024-11,17,-0.3466471956200645
2024-11,18,-0.9866227825666707
2024-11,19,-1.957890515407179
2024-11,20,-2.9535968868850015
2024-11,21,-3.040916159288498
2024-11,22,-2.8240658370311644
2024-11,23,-2.0835793940063296
2024-11,24,-2.364163051365764
2024-11,25,-1.9619681875580053
2024-11,26,-1.2570992800275183
2024-11,27,-0.5309145653177194
2024-11,28,-0.20681954476562403
2024-11,29,-0.2750726766579392
2024-12,0,-10.15527856662517
2024-12,1,-9.877735404862198
2024-12,2,-9.839607303662689
2024-12,3,-10.802118708995078
2024-12,4,-12.99630298244212
2024-12,5,-11.685351293177138
2024-12,6,-8.773743686844327
2024-12,7,-9.508781312243485
2024-12,8,-10.054889323227133
2024-12,9,-10.181639300724122
2024-12,10,-9.602609684125941
2024-12,11,-7.458717158760864
2024-12,12,-7.286468058062945
2024-12,13,-7.695325709650625
2024-12,14,-8.069779352609075
2024-12,15,-9.0720308692677
2024-12,16,-8.012707448523827
2024-12,17,-6.985458235615605
2024-12,18,-5.186463627542636
2024-12,19,-3.3171500735506343
2024-12,20,-2.0021051785412247
2024-12,21,-0.368582309754073
2024-12,22,-0.7808373757313247
2024-12,23,0.17573059856987872
2024-12,24,1.3155985989980579
2024-12,25,1.1029515349861407
2024-12,26,1.1531715228080275
2024-12,27,1.2774031415667464
2024-12,28,0.40687607255969205
2024-12,29,-0.6102704783757518
2024-12,30,-0.21915020128887575
2025-01,0,-5.647168090943955
2025-01,1,-7.725815412299298
2025-01,2,-10.005219063720372
2025-01,3,-12.543836342763804
2025-01,4,-10.50966721165414
2025-01,5,-9.879588654923953
2025-01,6,-8.770063280488504
2025-01,7,-7.2555193081549785
2025-01,8,-4.25330750877142
2025-01,9,-1.0167607748972851
2025-01,10,2.144330844807807
2025-01,11,4.121953093069264
2025-01,12,5.113562602244759
2025-01,13,5.647184886617329
2025-01,14,5.08391953473335
2025-01,15,4.54170801787892
2025-01,16,3.487014675340294
2025-01,17,3.3137218004040347
2025-01,18,3.262533444395932
2025-01,19,2.2276001481658536
2025-01,20,1.9918166300207707
2025-01,21,2.0823408276396504
2025-01,22,1.7961167984083204
2025-01,23,1.502230941919036
2025-01,24,1.4247545741599588
2025-01,25,0.8887240951960695
2025-01,26,-0.441058934299976
2025-01,27,-0.44955250559874926
2025-01,28,-0.5229260021543447
2025-01,29,-0.5879527106443239
2025-01,30,-0.2922055743990404
2025-02,0,-3.7483231655858207
2025-02,1,-1.1152217640847506
2025-02,2,-0.3586393912395569
2025-02,3,0.1477629455182372
2025-02,4,0.8956289071250456
2025-02,5,2.212823082354398
2025-02,6,2.8082951931588607
2025-02,7,2.4099809771430447
2025-02,8,-0.4531549828457382
2025-02,9,-2.084348907950284
2025-02,10,-2.3145467458896896
2025-02,11,-2.426304843694105
2025-02,12,-1.633325052088841
2025-02,13,-0.8360695482997449
2025-02,14,-0.45336342658048867
2025-02,15,-0.2858526530064798
2025-02,16,-1.3290523082008177
2025-02,17,-1.368252398990033
2025-02,18,-1.4961942454333133
2025-02,19,-1.7438442997517845
2025-02,20,-1.9405465346502782
2025-02,21,-1.185343333929445
2025-02,22,-0.3961202014444942
2025-02,23,-0.36945936901738863
2025-02,24,0.06950486613055418
2025-02,25,0.3267508981156908
2025-02,26,0.17149399745748362
2025-02,27,-0.0033507146441347224
2025-03,0,-0.13930070425607344
2025-03,1,-1.7307794705380242
2025-03,2,-2.814430381208277
2025-03,3,-1.9462240339053416
2025-03,4,-0.5644069971106336
2025-03,5,1.474732831757719
2025-03,6,3.0026525471396504
2025-03,7,4.804890436569109
2025-03,8,5.583991263590149
2025-03,9,4.738493478203409
2025-03,10,4.831040031316269
2025-03,11,4.328420532108557
2025-03,12,4.2041086686229745
2025-03,13,3.7424285176145045
2025-03,14,-1.8004140944145042
2025-03,15,-4.011507523275116
2025-03,16,-5.3921526723935465
2025-03,17,-4.889004038299816
2025-03,18,-3.625601614905727
2025-03,19,-3.4649900388495913
2025-03,20,-3.2212220807425362
2025-03,21,-0.21420421397234657
2025-03,22,0.7355059502818451
2025-03,23,0.009256714333383265
2025-03,24,-1.1822691137522212
2025-03,25,-2.047655896705536
2025-03,26,-2.0060101297941335
2025-03,27,-1.3698847145064752
2025-03,28,-0.7459946535555484
2025-03,29,0.4963058224291661
2025-03,30,0.00826039295691583
2025-04,0,-7.910140973181424
2025-04,1,-5.274309021090451
2025-04,2,-5.188941596138397
2025-04,3,-7.412822994715896
2025-04,4,-7.830081712871428
2025-04,5,-12.378955802203794
2025-04,6,-13.977753429839535
2025-04,7,-11.43329353777991
2025-04,8,-10.885929296274465
2025-04,9,-7.490933991060711
2025-04,10,-2.470714236700422
2025-04,11,-0.46961270811826106
2025-04,12,-1.9081707180162777
2025-04,13,-3.1797197748747563
2025-04,14,-5.165813115353268
2025-04,15,-5.876847865869728
2025-04,16,-6.9405413585629905
2025-04,17,-7.639146700842092
2025-04,18,-7.711911990472641
2025-04,19,-5.977382800692899
2025-04,20,-6.413135959445604
2025-04,21,-5.003525625683047
2025-04,22,-2.8543230972286615
2025-04,23,-1.6947924593381125
2025-04,24,-0.8753194109474394
2025-04,25,0.07874680394437394
2025-04,26,0.8994280341835026
2025-04,27,1.4678553074326972
2025-04,28,1.1547888480931912
2025-04,29,0.44837900478191806
2025-05,0,52.6558326943958
2025-05,1,42.58997413580834
2025-05,2,34.507642083846825
2025-05,3,23.842702513436322
2025-05,4,13.035744289267615
2025-05,5,7.829308709933236
2025-05,6,5.810654453694997
2025-05,7,0.8151904110546893
2025-05,8,-1.2542867461679874
2025-05,9,-0.9515612816751284
2025-05,10,1.3946337697276379
2025-05,11,3.839521580418759
2025-05,12,8.110891177916058
2025-05,13,10.441286055191101
2025-05,14,14.178188879641617
2025-05,15,18.495492992492423
2025-05,16,21.48403050493628
2025-05,17,22.81916291361048
2025-05,18,22.092334849550955
2025-05,19,19.734165153623316
2025-05,20,18.295471010370832
2025-05,21,17.584150881530135
2025-05,22,16.71431284330005
2025-05,23,12.399716341115074
2025-05,24,8.955232206339314
2025-05,25,6.215236245807465
2025-05,26,4.536822563818066
2025-05,27,3.2481009361648328
2025-05,28,2.3721253658967045
2025-05,29,1.3122040025072002
2025-05,30,0.7342650456501065
2025-06,0,-25.90305001123484
2025-06,1,-29.04904296718166
2025-06,2,-29.922651733361526
2025-06,3,-28.64835129308546
2025-06,4,-24.451526974579973
2025-06,5,-18.962720884574246
2025-06,6,-13.069656896471516
2025-06,7,-5.762768707919841
2025-06,8,-0.1102403072803404
2025-06,9,5.863940766619713
2025-06,10,11.307354355805233
2025-06,11,15.282212088671464
2025-06,12,17.790571729181014
2025-06,13,20.48729642512854
2025-06,14,23.017421182485776
2025-06,15,23.296679210021075
2025-06,16,21.92879044257976
2025-06,17,20.255873479475394
2025-06,18,15.753944475452396
2025-06,19,10.479605801266167
2025-06,20,5.531218553592909
2025-06,21,1.9800790284034475
2025-06,22,-1.6401048163793508
2025-06,23,-2.5543771291383854
2025-06,24,-3.394600753660626
2025-06,25,-2.453986178619072
2025-06,26,-1.0086681730655855
2025-06,27,0.7458794527271051
2025-06,28,1.6087774928185583
2025-06,29,0.7846044477548775
2025-07,0,-17.67075015519791
2025-07,1,-19.956800291505317
2025-07,2,-22.801760528651105
2025-07,3,-23.119481253649376
2025-07,4,-20.837753668420987
2025-07,5,-18.919910102331407
2025-07,6,-17.731106652803074
2025-07,7,-16.275655761452423
2025-07,8,-13.048155274498674
2025-07,9,-8.869058009435483
2025-07,10,-4.510818429757801
2025-07,11,-4.356790040997904
2025-07,12,-1.397727967249196
2025-07,13,1.5184864173469537
2025-07,14,4.894597763592956
2025-07,15,5.435763024629692
2025-07,16,5.386899921715482
2025-07,17,7.812934617611966
2025-07,18,7.895734013289202
2025-07,19,7.420188930266591
2025-07,20,5.248147302520589
2025-07,21,4.9684022375627634
2025-07,22,5.121533700759806
2025-07,23,5.78459273365286
2025-07,24,4.615385401286187
2025-07,25,4.317578957243673
2025-07,26,3.4710905842909145
2025-07,27,2.260433346474078
2025-07,28,1.0472416845680455
2025-07,29,0.18762895817596714
2025-07,30,-0.08387611457644217
2025-08,0,-10.926727935952908
2025-08,1,-10.73543201745073
2025-08,2,-9.047381004513987
2025-08,3,-7.520807442856259
2025-08,4,-0.46431700649270935
2025-08,5,2.394504329042002
2025-08,6,6.419770431186156
2025-08,7,8.600602480452268
2025-08,8,10.162863118592004
2025-08,9,11.404845789393537
2025-08,10,10.16854245740564
2025-08,11,9.05634065054377
2025-08,12,9.830852243245737
2025-08,13,8.693294244346106
2025-08,14,7.996650974504971
2025-08,15,2.3927858042724237
2025-08,16,0.3453944230872752
2025-08,17,-1.1275924566501727
2025-08,18,-0.8796088908825772
2025-08,19,-1.2226847214692138
2025-08,20,-1.372338147418195
2025-08,21,-0.7616291384059726
2025-08,22,2.138687397509087
2025-08,23,3.41196394949308
2025-08,24,2.8070548336929235
2025-08,25,2.559312965263749
2025-08,26,2.000234586405014
2025-08,27,1.4055810699604043
2025-08,28,1.4291341082400155
2025-08,29,1.0001336762768709
2025-08,30,0.8983483612494902
2025-09,0,-0.46261752731546757
2025-09,1,-4.785579343735725
2025-09,2,-9.876653524306345
2025-09,3,-15.30696230785229
2025-09,4,-20.332413014797034
2025-09,5,-21.069661800513373
2025-09,6,-21.00507026726103
2025-09,7,-20.525013432958005
2025-09,8,-13.323817671998972
2025-09,9,-6.42269330384182
2025-09,10,0.7667252380844314
2025-09,11,7.063473231246076
2025-09,12,10.719807501155554
2025-09,13,13.164212046998447
2025-09,14,13.049672917597576
2025-09,15,11.882616902952137
2025-09,16,10.13375404117427
2025-09,17,8.265829587617812
2025-09,18,6.356924892476723
2025-09,19,5.632905664094823
2025-09,20,5.552115893985832
2025-09,21,4.230155994339513
2025-09,22,4.467788898878533
2025-09,23,4.109867550351987
2025-09,24,3.329571628283712
2025-09,25,3.0623050381377137
2025-09,26,2.708097235605078
2025-09,27,2.0614815672860276
2025-09,28,0.5783803524996856
2025-09,29,0.5781140611602176
2025-10,0,17.890740534069916
2025-10,1,21.150176157446143
2025-10,2,10.256684970410014
2025-10,3,5.647080721324316
2025-10,4,3.992139377405679
2025-10,5,6.273531091027262
2025-10,6,4.154826503900422
2025-10,7,3.4476247249362046
2025-10,8,-2.405478919609638
2025-10,9,2.803470310460132
2025-10,10,3.8756475826777326
2025-10,11,5.423746193628065
2025-10,12,2.8988270807771332
2025-10,13,3.2435395828340985
2025-10,14,4.833170604122916
2025-10,15,7.9479596507710415
2025-10,16,9.830990521923377
2025-10,17,11.951739098451398
2025-10,18,12.57313210407558
2025-10,19,11.440860300206923
2025-10,20,7.836750215266242
2025-10,21,5.082285156098454
2025-10,22,2.7056165322296266
2025-10,23,0.8527527692903769
2025-10,24,0.14954005136436077
2025-10,25,-0.5000713353540021
2025-10,26,-0.5161209676740497
2025-10,27,0.02551719475405445
2025-10,28,0.7029464565869947
2025-10,29,0.5025697326925371
2025-10,30,0.03271311226527018
2025-11,0,-22.22226405028649
2025-11,1,-17.925318825718684
2025-11,2,-15.142914116482798
2025-11,3,-7.849708540025169
2025-11,4,-5.354151103678973
2025-11,5,-1.9445536391213158
2025-11,6,2.8174361329071695
2025-11,7,4.540847876962362
2025-11,8,2.4621126981254404
2025-11,9,-1.2999026691485227
2025-11,10,-3.344959683735338
2025-11,11,-2.649474708877164
2025-11,12,-2.4177370735974923
2025-11,13,-4.630968192431428
2025-11,14,-4.5957083306731095
2025-11,15,-5.005179899369205
2025-11,16,-6.1921941569057175
2025-11,17,-6.342483576449942
2025-11,18,-7.036366078890599
2025-11,19,-6.759894141845035
2025-11,20,-6.027696128614279
2025-11,21,-5.568421752047481
2025-11,22,-4.5496157910744355
2025-11,23,-3.7270919217435416
2025-11,24,-2.8469739862689525
2025-11,25,-1.740337612765086
2025-11,26,-0.9058550128048348
2025-11,27,-0.036759932299146314
2025-11,28,0.6142214111506616
2025-11,29,1.0689813416152827
2025-12,0,-12.258341534241346
2025-12,1,-10.460051689935046
2025-12,2,-8.577302402862852
2025-12,3,-6.029503830968541
2025-12,4,-3.0264540461596767
2025-12,5,-0.5531018269364751
2025-12,6,0.689747184984113
2025-12,7,0.4520609132966813
2025-12,8,-1.2134633470643585
2025-12,9,-2.068675821748367
2025-12,10,-3.9346324040415492
2025-12,11,-5.606623698756563
2025-12,12,-7.272724690176058
2025-12,13,-8.50612158058739
2025-12,14,-8.82602066867153
2025-12,15,-8.518499495180908
2025-12,16,-8.57972328011557
2025-12,17,-8.030604982431566
2025-12,18,-7.49150558342545
2025-12,19,-6.439194207448152
2025-12,20,-4.595649662137003
2025-12,21,-4.570762737603107
2025-12,22,-2.574246404691727
2025-12,23,-0.8641924117375965
2025-12,24,0.6789478721544784
2025-12,25,1.4023404194272837
2025-12,26,1.8162299568876161
2025-12,27,1.4673791849276974
2025-12,28,0.22616950641451972
2025-12,29,-0.06959781701245671
2025-12,30,-0.2113926959376844
2026-01,0,8.86485579984253
2026-01,1,8.556748416397575
2026-01,2,10.045843707159928
2026-01,3,11.682986833794228
2026-01,4,13.065118190144286
2026-01,5,12.927893690086423
2026-01,6,12.399781301656375
2026-01,7,13.61231543602659
2026-01,8,14.639981500208421
2026-01,9,15.082372743371897
2026-01,10,15.761572012860281
2026-01,11,13.536658005807656
2026-01,12,15.369414985544338
2026-01,13,16.842157099942547
2026-01,14,15.505796563010543
2026-01,15,13.583440496791965
2026-01,16,11.955977717655886
2026-01,17,9.312399890589473
2026-01,18,7.930507227283434
2026-01,19,6.454207681838242
2026-01,20,5.944720025020511
2026-01,21,6.444863491838149
2026-01,22,6.514879787295547
2026-01,23,6.209320964753684
2026-01,24,5.057979443186111
2026-01,25,3.572965216817381
2026-01,26,1.9870275480599053
2026-01,27,1.2641837056293959
2026-01,28,0.6349796760687587
2026-01,29,0.3134555327548805
2026-01,30,0.18107982008563894
2026-02,0,-18.11700143852769
2026-02,1,-17.557807618204713
2026-02,2,-15.422936423525114
2026-02,3,-15.847953395764025
2026-02,4,-14.576376558236326
2026-02,5,-13.18198994295936
2026-02,6,-12.45243268930587
2026-02,7,-11.238460492387691
2026-02,8,-11.684555926856454
2026-02,9,-11.618550704393604
2026-02,10,-11.237496866946428
2026-02,11,-11.02209410277405
2026-02,12,-9.461049147771616
2026-02,13,-7.869327724564679
2026-02,14,-6.973284508326505
2026-02,15,-7.177896098268899
2026-02,16,-5.781657474179225
2026-02,17,-5.104940635101773
2026-02,18,-4.032430786283559
2026-02,19,-3.5015956978633245
2026-02,20,-3.409712579088231
2026-02,21,-3.9253634146763083
2026-02,22,-4.498829532652993
2026-02,23,-3.7634163522922037
2026-02,24,-2.790886605821352
2026-02,25,-1.9886042338739807
2026-02,26,-1.1023959552664664
2026-02,27,-0.1190825771418158
2026-03,0,0.26805456067249267
2026-03,1,-0.16009380342565382
2026-03,2,-0.3030507268722893
2026-03,3,-4.52862509251214
2026-03,4,-10.50220888685185
2026-03,5,-14.485437983120342
2026-03,6,-16.928991773934865
2026-03,7,-17.8721498603738
2026-03,8,-16.376275471948187
2026-03,9,-14.191688470931874
2026-03,10,-10.733125096109097
2026-03,11,-6.1758125955347465
2026-03,12,-0.4436272303314226
2026-03,13,6.914055845753331
2026-03,14,13.625050900616586
2026-03,15,19.749003415919987
2026-03,16,20.489550697687008
2026-03,17,19.887325776403642
2026-03,18,18.164988527925765
2026-03,19,15.09437033766099
2026-03,20,9.429540013280867
2026-03,21,4.544851508007897
2026-03,22,-0.4560535420216505
2026-03,23,-3.1506409047872386
2026-03,24,-4.6799282742555075
2026-03,25,-5.053006269033233
2026-03,26,-4.527628112360816
2026-03,27,-3.847678335500926
2026-03,28,-3.4406986592510846
2026-03,29,-3.8047914242156033
2026-03,30,-2.4788302169877596
2026-04,0,-13.848627525349322
2026-04,1,-9.020393019390681
2026-04,2,-4.048128729041722
2026-04,3,-2.60422381881511
2026-04,4,-0.926034631659578
2026-04,5,-0.6678125716074512
2026-04,6,-5.235331888963746
2026-04,7,-15.36111819325432
2026-04,8,-21.38349492557068
2026-04,9,-27.557648078620044
2026-04,10,-29.574584035573505
2026-04,11,-30.883307769306857
2026-04,12,-30.79948927097077
2026-04,13,-25.6443459921053
2026-04,14,-20.357830516471708
2026-04,15,-15.036834989122083
2026-04,16,-11.097491240282498
2026-04,17,-7.6968080055783155
2026-04,18,-4.6050850556778595
2026-04,19,-1.4929085562867095
2026-04,20,-1.0494848612999097
2026-04,21,-0.6493059528322798
2026-04,22,-0.49224503381957163
2026-04,23,-0.1436988597243838
2026-04,24,0.19567235804707206
2026-04,25,0.35337905579435613
2026-04,26,0.2606262829478734
2026-04,27,0.5851705325660372
2026-04,28,0.6912076696279579
2026-04,29,0.5098433549125758
2026-05,0,35.23574505195519
2026-05,1,26.44574202353107
2026-05,2,12.630641530195152
2026-05,3,-2.3980409880285714
2026-05,4,-17.48535085752776
2026-05,5,-26.706486657459717
2026-05,6,-31.243950515812713
2026-05,7,-33.357101089629474
2026-05,8,-31.295466941766716
2026-05,9,-28.29078786998641
2026-05,10,-27.06090359462744
2026-05,11,-23.06722569812525
2026-05,12,-19.55474930471822
2026-05,13,-15.608635283018558
2026-05,14,-11.827155896995912
2026-05,15,-9.380850207888813
2026-05,16,-7.078185390863667
2026-05,17,-4.421857916581229
2026-05,18,-2.638306606706331
2026-05,19,-1.2875061188335812
2026-05,20,-0.996232941561892
2026-05,21,-0.5101259547542036
2026-05,22,0.972103734259333
2026-05,23,2.2700853823589773
2026-05,24,2.978995555438302
2026-05,25,3.319779958500546
2026-05,26,3.923507531818937
2026-05,27,4.401922059082897
2026-05,28,4.569304928078499
2026-05,29,3.815877279873403
2026-05,30,2.0688351058177457
2026-06,0,3.9091615980449967
2026-06,1,-1.570921872727693
2026-06,2,-4.256805479120851
2026-06,3,-5.969820205120458
2026-06,4,-7.434878115909182
2026-06,5,-6.391425990841382
2026-06,6,-4.4900661508338935
2026-06,7,-0.6834896777235366
2026-06,8,1.4413193479678954
2026-06,9,1.3076323252679822
2026-06,10,1.1271972596948787
2026-06,11,-1.1426759475124504
2026-06,12,-5.218265387735277
2026-06,13,-8.592822945117828
2026-06,14,-13.481173661183599
2026-06,15,-15.871765707082563
2026-06,16,-16.943187179088838
2026-06,17,-16.668385156273025
2026-06,18,-13.732682707730525
2026-06,19,-9.944951707961236
2026-06,20,-6.114140363713572
2026-06,21,-2.755995489733465
2026-06,22,-0.23455484451886388
2026-06,23,0.7534179849214118
2026-06,24,-0.1494448054372821
2026-06,25,-1.6744182273854213
2026-06,26,-2.0004487135613758
2026-06,27,-1.4848662773200072
2026-06,28,-1.1484997483900972
2026-06,29,-0.383298838069035
2026-07,0,14.038272127551
2026-07,1,17.108612822823986
2026-07,2,17.563825747576555
2026-07,3,12.811244586342907
2026-07,4,4.075689405153393
2026-07,5,-4.861052782354491
2026-07,6,-11.738168869089716
2026-07,7,-20.26643799958642
2026-07,8,-25.98996503601294
2026-07,9,-29.849019641832044
2026-07,10,-28.86646139055229
2026-07,11,-27.0805812344731
2026-07,12,-28.313567154597084
2026-07,13,-23.29851720621069
2026-07,14,-16.2908815306816
2026-07,15,-10.745772995031079
2026-07,16,-4.175679320053582
2026-07,17,0.7518220444344914
2026-07,18,5.530902247516178
2026-07,19,10.433480213882973
2026-07,20,11.589097201534315
2026-07,21,11.484872972041504
2026-07,22,9.503932593105668
2026-07,23,7.440696914303779
2026-07,24,4.395141844225381
2026-07,25,1.9795375715468078
2026-07,26,0.5162648720250518
2026-07,27,0.5892266950056291
2026-07,28,0.33536186139098145
2026-07,29,0.0913974004312923
2026-07,30,-0.11626390510111051
2026-08,0,1.7805838882194225
2026-08,1,2.4221678376151523
2026-08,2,0.5833683832496606
2026-08,3,-0.459277368079003
2026-08,4,2.5111747586548105
2026-08,5,2.585571195891112
2026-08,6,1.5232705416242442
2026-08,7,-0.11560971064660253
2026-08,8,-1.9917207147189697
2026-08,9,-5.844851740806356
2026-08,10,-9.362944622548564
2026-08,11,-13.785783042687482
2026-08,12,-14.190041166158906
2026-08,13,-12.378916172061661
2026-08,14,-9.618378650648696
2026-08,15,-11.617495923119591
2026-08,16,-13.070285756857169
2026-08,17,-12.19582869266037
2026-08,18,-11.923129843204272
2026-08,19,-12.354651142444794
2026-08,20,-12.903742556955688
2026-08,21,-12.599288382382756
2026-08,22,-8.727067388499831
2026-08,23,-5.337813084678766
2026-08,24,-2.05063930779138
2026-08,25,0.1589932434043817
2026-08,26,1.6234379755218686
2026-08,27,2.9568653460298577
2026-08,28,3.342666914097925
2026-08,29,2.9401799106431925
2026-08,30,0.388549125183113
2026-09,0,-20.692909529825844
2026-09,1,-21.894637381578896
2026-09,2,-19.75412160311518
2026-09,3,-17.98333593648521
2026-09,4,-16.029715037734714
2026-09,5,-11.916173892371907
2026-09,6,-3.3244991533764257
2026-09,7,1.611312888539751
2026-09,8,5.004955406088474
2026-09,9,6.023002132271027
2026-09,10,7.095990577205313
2026-09,11,8.356098334764228
2026-09,12,8.778791841711108
2026-09,13,9.264477885212319
2026-09,14,8.576459614663822
2026-09,15,8.6471903586123
2026-09,16,8.987574654893038
2026-09,17,9.545710811429942
2026-09,18,9.336053636140896
2026-09,19,8.799969744384505
2026-09,20,8.177440276717963
2026-09,21,8.215255298440937
2026-09,22,8.007110241191917
2026-09,23,7.553260067023304
2026-09,24,6.909424208634873
2026-09,25,5.161762558766636
2026-09,26,2.6352583550626862
2026-09,27,-0.8722425732900718
2026-09,28,-1.9039515136008545
2026-09,29,-1.0225073350981106
