month,days,mcx_index,simple_avg,block_vw_avg,complete,mcx_final,nse_final
2022-04,30,9673.61,10064.12,9524.24,True,,
2022-05,31,6673.61,6757.06,6810.33,True,,
2022-06,30,6556.83,6492.65,6884.79,True,,
2022-07,31,5504.38,5409.94,5496.85,True,,
2022-08,31,5344.96,5166.43,5431.08,True,,
2022-09,30,5780.65,5631.25,5875.13,True,,
2022-10,31,3835.55,3827.4,3963.43,True,,
2022-11,30,4605.48,4598.0,4795.49,True,,
2022-12,31,5266.8,5237.33,5597.86,True,,
2023-01,31,6146.62,6178.96,6375.48,True,,
2023-02,28,6714.92,6680.51,6639.79,True,,
2023-03,31,5467.68,5426.48,5436.19,True,,
2023-04,30,5484.38,5417.23,5141.49,True,,
2023-05,31,4799.23,4737.77,4771.09,True,,
2023-06,30,5388.0,5369.77,5156.78,True,,
2023-07,31,4593.61,4547.64,4524.11,True,,
2023-08,31,6774.96,6893.93,6430.58,True,,
2023-09,30,6032.58,6233.1,5869.49,True,,
2023-10,31,6381.89,6452.4,6359.17,True,,
2023-11,30,4064.34,3986.44,4163.23,True,,
2023-12,31,4571.44,4547.01,4687.06,True,,
2024-01,31,5830.05,5830.43,6028.21,True,,
2024-02,29,4939.42,4925.14,5002.69,True,,
2024-03,31,3927.7,3910.23,3959.95,True,,
2024-04,30,5055.6,5112.16,4645.46,True,,
2024-05,31,5308.18,5275.35,4792.99,True,,
2024-06,30,5423.65,5407.43,4912.13,True,,
2024-07,31,4960.58,4983.99,4651.09,True,,
2024-08,31,4352.6,4286.63,4145.56,True,,
2024-09,30,4334.87,4186.07,4276.9,True,,
2024-10,31,3957.28,3923.54,4029.95,True,,
2024-11,30,3331.73,3295.99,3515.98,True,,
2024-12,31,3924.92,3894.09,3864.15,True,,
2025-01,31,4429.05,4438.92,4396.0,True,,
2025-02,28,4384.55,4381.3,4324.5,True,,
2025-03,31,4472.18,4466.82,4192.07,True,,
2025-04,30,5101.11,5203.06,4427.91,True,,
2025-05,31,4003.23,4129.75,3739.61,True,,
2025-06,30,3935.83,3904.19,3601.15,True,,
2025-07,31,4304.8,4189.14,4142.19,True,,
2025-08,31,4058.01,4001.16,3990.42,True,,
2025-09,30,3603.88,3579.59,3438.2,True,,
2025-10,31,2687.49,2669.01,2859.0,True,2687.0,
2025-11,30,3089.08,3069.18,3217.09,True,,
2025-12,31,3932.39,3919.58,3825.19,True,3932.0,
2026-01,31,3833.24,3864.46,3822.78,True,,
2026-02,28,3595.13,3581.56,3559.04,True,,
2026-03,31,4133.71,4199.79,3881.29,True,,
2026-04,30,4919.79,5256.99,3850.19,True,,
2026-05,31,4828.63,4884.87,3803.73,True,,
2026-06,30,5168.28,5168.22,3901.43,True,5168.0,
2026-07,31,4963.08,4995.79,3818.38,True,4963.0,
2026-08,31,4903.44,4880.64,3621.58,True,,
2026-09,30,7233.74,7342.65,4889.79,True,7234.0,4949.0
