trade_date,contract,close_rs_mwh,date_inferred,source
2026-09-14,2026-10,6812,1,notes 2026-10-09
2026-09-15,2026-10,7385,1,notes 2026-10-09
2026-09-16,2026-10,7165,1,notes 2026-10-09
2026-09-17,2026-10,6525,1,notes 2026-10-09
2026-09-18,2026-10,6379,1,notes 2026-10-09
2026-09-21,2026-10,6274,1,notes 2026-10-09
2026-09-22,2026-10,6334,1,notes 2026-10-09
2026-09-23,2026-10,6307,1,notes 2026-10-09
2026-09-24,2026-10,5740,1,notes 2026-10-09
2026-09-25,2026-10,5710,1,notes 2026-10-09
2026-09-28,2026-10,6222,1,notes 2026-10-09
2026-09-29,2026-10,6384,1,notes 2026-10-09
2026-09-30,2026-10,6356,1,notes 2026-10-09
2026-10-01,2026-10,6484,1,notes 2026-10-09
2026-10-05,2026-10,7067,1,notes 2026-10-09
2026-10-06,2026-10,7049,1,notes 2026-10-09
2026-10-07,2026-10,7166,1,notes 2026-10-09
2026-10-08,2026-10,7185,0,notes 2026-10-09
2026-10-08,2026-11,6270,0,notes 2026-10-09 (forward curve 8-9 Oct; approximate)
2026-10-08,2026-12,5870,0,notes 2026-10-09 (forward curve 8-9 Oct; approximate)
